,Prospect ID,Lead Number,Lead Origin,Lead Source,Do Not Email,Do Not Call,Converted,TotalVisits,Total Time Spent on Website,Page Views Per Visit,Last Activity,Country,Specialization,How did you hear about X Education,What is your current occupation,What matters most to you in choosing a course,Search,Magazine,Newspaper Article,X Education Forums,Newspaper,Digital Advertisement,Through Recommendations,Receive More Updates About Our Courses,Tags,Lead Quality,Update me on Supply Chain Content,Get updates on DM Content,Lead Profile,City,Asymmetrique Activity Index,Asymmetrique Profile Index,Asymmetrique Activity Score,Asymmetrique Profile Score,I agree to pay the amount through cheque,A free copy of Mastering The Interview,Last Notable Activity
0,7927b2df-8bba-4d29-b9a2-b6e0beafe620,660737,API,Olark Chat,No,No,0,0.0,0,0.0,Page Visited on Website,,Select,Select,Unemployed,Better Career Prospects,No,No,No,No,No,No,No,No,Interested in other courses,Low in Relevance,No,No,Select,Select,02.Medium,02.Medium,15.0,15.0,No,No,Modified
1,2a272436-5132-4136-86fa-dcc88c88f482,660728,API,Organic Search,No,No,0,5.0,674,2.5,Email Opened,India,Select,Select,Unemployed,Better Career Prospects,No,No,No,No,No,No,No,No,Ringing,,No,No,Select,Select,02.Medium,02.Medium,15.0,15.0,No,No,Email Opened
2,8cc8c611-a219-4f35-ad23-fdfd2656bd8a,660727,Landing Page Submission,Direct Traffic,No,No,1,2.0,1532,2.0,Email Opened,India,Business Administration,Select,Student,Better Career Prospects,No,No,No,No,No,No,No,No,Will revert after reading the email,Might be,No,No,Potential Lead,Mumbai,02.Medium,01.High,14.0,20.0,No,Yes,Email Opened
3,0cc2df48-7cf4-4e39-9de9-19797f9b38cc,660719,Landing Page Submission,Direct Traffic,No,No,0,1.0,305,1.0,Unreachable,India,Media and Advertising,Word Of Mouth,Unemployed,Better Career Prospects,No,No,No,No,No,No,No,No,Ringing,Not Sure,No,No,Select,Mumbai,02.Medium,01.High,13.0,17.0,No,No,Modified
4,3256f628-e534-4826-9d63-4a8b88782852,660681,Landing Page Submission,Google,No,No,1,2.0,1428,1.0,Converted to Lead,India,Select,Other,Unemployed,Better Career Prospects,No,No,No,No,No,No,No,No,Will revert after reading the email,Might be,No,No,Select,Mumbai,02.Medium,01.High,15.0,18.0,No,No,Modified
